2021-08-03 20:07, failed
2021-08-04 20:07, failed
2021-08-05 20:06, failed
2021-08-09 03:53, failed
2021-08-10 03:56, failed
2021-08-11 03:56, failed
2021-08-11 15:56, failed
2021-08-12 03:56, failed
2021-08-12 15:56, failed
2021-08-13 03:56, failed
2021-08-13 15:56, failed
2021-08-14 03:56, failed
2021-08-14 16:01, failed
2021-08-15 03:56, failed
2021-08-15 15:57, failed
2021-08-16 03:56, failed
2021-08-16 15:56, failed
2021-08-17 03:56, failed
2021-08-17 15:56, failed
2021-08-18 03:56, failed
2021-08-18 15:56, failed
2021-08-19 03:56, failed
2021-08-19 15:56, failed
2021-08-20 03:56, failed
2021-08-20 15:56, failed
2021-08-21 03:56, failed
2021-08-21 15:56, failed
2021-08-22 03:57, failed
2021-08-22 15:57, failed
2021-08-23 03:56, failed
2021-08-23 15:56, failed
2021-08-24 03:56, failed
2021-08-24 15:56, failed
2021-08-25 03:57, failed
2021-08-25 15:56, failed
